{"cameraMode":{"drawMode":0,"name":"Shaded","section":"Shading Mode"},"sceneLighting":false,"audioPlay":false,"sceneViewState":{"m_AlwaysRefresh":false,"showFog":true,"showSkybox":false,"showFlares":true,"showImageEffects":true,"showParticleSystems":true,"showVisualEffectGraphs":true,"m_FxEnabled":true},"in2DMode":false,"pivot":{"x":-0.12299436330795288,"y":0.06804334372282028,"z":-0.0007741767913103104},"rotation":{"x":-0.32527124881744387,"y":0.20619496703147889,"z":-0.07300703227519989,"w":-0.9201608896255493},"size":0.08148571103811264,"orthographic":false}